信号日期,市场,代码,当前价格,50日均线,5日振幅%,缩量比例%,突破挂单价,距突破%,记录日期
2026-06-14,US,ABEV,3.25,3.12,7.54,72.62,3.28,0.92,2026-06-16 23:59
2026-06-14,US,NKE,44.93,43.91,8.58,73.31,46.31,3.07,2026-06-16 23:59
2026-06-14,US,F,14.84,13.31,9.15,70.36,15.39,3.71,2026-06-16 23:59
2026-06-16,JP,6594.T,2728.0,2516.48,9.2,66.55,2742.0,0.51,2026-06-16 23:59
2026-06-16,JP,8729.T,143.6,142.92,6.61,52.47,150.1,4.53,2026-06-16 23:59
2026-06-16,US,PCG,16.95,16.81,4.45,46.97,17.13,1.06,2026-06-16 23:59
2026-06-16,US,F,14.84,13.31,9.15,70.37,15.39,3.71,2026-06-16 23:59
2026-06-17,JP,8918.T,11.0,9.98,10.0,43.68,11.0,0.0,2026-06-17 09:27
2026-06-17,JP,4689.T,418.9,414.62,5.95,18.51,420.4,0.36,2026-06-17 09:27
2026-06-17,JP,8604.T,1438.5,1306.92,8.36,28.68,1445.0,0.45,2026-06-17 09:27
2026-06-17,JP,6594.T,2728.0,2516.48,9.2,66.55,2742.0,0.51,2026-06-17 00:02
2026-06-17,JP,3092.T,1149.5,1058.73,9.01,45.66,1156.0,0.57,2026-06-17 09:27
2026-06-17,JP,8411.T,7965.0,7052.5,9.51,46.52,8018.0,0.67,2026-06-17 09:27
2026-06-17,JP,6902.T,1908.5,1895.5,6.07,21.92,1923.0,0.76,2026-06-17 09:27
2026-06-17,JP,8306.T,3295.0,2968.44,8.02,44.84,3327.0,0.97,2026-06-17 09:27
2026-06-17,JP,8601.T,1608.0,1515.55,7.11,30.62,1626.0,1.12,2026-06-17 09:27
2026-06-17,JP,8750.T,1812.5,1566.87,7.63,26.99,1834.0,1.19,2026-06-17 09:27
2026-06-17,JP,7211.T,337.2,334.78,8.1,15.79,341.8,1.36,2026-06-17 09:27
2026-06-17,JP,8766.T,7332.0,7245.84,4.13,24.47,7487.0,2.11,2026-06-17 09:27
2026-06-17,JP,9433.T,2723.5,2656.99,5.21,15.35,2809.0,3.14,2026-06-17 09:27
2026-06-17,JP,7267.T,1428.5,1349.42,6.27,19.27,1475.0,3.26,2026-06-17 09:27
2026-06-17,JP,7182.T,3174.0,2891.8,8.1,26.52,3308.0,4.22,2026-06-17 09:27
2026-06-17,JP,8308.T,2180.5,2004.01,9.0,36.03,2277.5,4.45,2026-06-17 09:27
2026-06-17,JP,8729.T,143.6,142.92,6.61,52.47,150.1,4.53,2026-06-17 00:02
2026-06-17,JP,2181.T,242.1,239.47,5.18,18.61,253.6,4.75,2026-06-17 09:27
2026-06-17,US,BAC,56.84,52.41,5.55,71.36,57.07,0.4,2026-06-17 09:27
2026-06-17,US,AAPL,298.41,286.22,4.65,28.48,300.75,0.78,2026-06-17 00:02
2026-06-17,US,NVDA,209.49,207.35,6.1,33.34,211.49,0.96,2026-06-17 00:02
2026-06-17,US,GOOGL,372.11,363.59,8.51,36.5,375.85,1.01,2026-06-17 00:02
2026-06-17,US,ABEV,3.21,3.13,5.81,51.23,3.28,2.02,2026-06-17 00:02
2026-06-17,US,GGB,4.66,4.49,8.14,40.1,4.78,2.69,2026-06-17 00:02
2026-06-17,US,CSCO,119.57,103.59,5.4,67.32,122.79,2.69,2026-06-17 09:27
2026-06-17,US,TSLA,404.66,400.35,9.43,69.17,416.0,2.8,2026-06-17 09:27
2026-06-17,US,F,14.41,13.43,9.79,67.4,15.48,7.43,2026-06-17 09:27
2026-06-18,JP,4568.T,2688.0,2667.71,8.26,40.06,2693.0,0.19,2026-06-18 10:21
2026-06-18,JP,8316.T,6672.0,5831.76,6.59,55.45,6725.0,0.79,2026-06-18 10:21
2026-06-18,JP,8306.T,3363.0,2980.01,8.47,69.63,3394.0,0.92,2026-06-18 10:21
2026-06-18,JP,6902.T,1909.0,1895.39,4.67,28.68,1927.0,0.94,2026-06-18 10:21
2026-06-18,JP,7269.T,1944.0,1846.66,7.56,37.52,1963.5,1.0,2026-06-18 10:21
2026-06-18,JP,7182.T,3252.0,2903.29,6.37,40.05,3308.0,1.72,2026-06-18 10:21
2026-06-18,JP,6723.T,4632.0,3656.49,9.72,33.39,4718.0,1.86,2026-06-18 10:21
2026-06-18,JP,8750.T,1798.5,1573.0,5.74,35.9,1834.0,1.97,2026-06-18 10:21
2026-06-18,JP,8308.T,2225.0,2011.67,8.02,60.04,2277.5,2.36,2026-06-18 10:21
2026-06-18,JP,6971.T,3718.0,3056.51,5.3,53.46,3837.0,3.2,2026-06-18 10:21
2026-06-18,JP,4005.T,568.4,554.26,8.27,23.99,591.6,4.08,2026-06-18 10:21
2026-06-18,JP,8604.T,1417.5,1310.3,9.4,45.14,1478.0,4.27,2026-06-18 10:21
2026-06-18,JP,7267.T,1396.0,1351.7,6.54,38.97,1475.0,5.66,2026-06-18 10:21
2026-06-22,JP,8750.T,1834.5,1587.93,4.92,69.93,1843.0,0.46,2026-06-22 20:32
2026-06-22,JP,7182.T,3269.0,2927.07,5.98,58.9,3296.0,0.83,2026-06-22 20:32
2026-06-22,JP,8308.T,2230.0,2026.54,7.66,74.14,2270.0,1.79,2026-06-22 20:32
2026-06-22,JP,8306.T,3333.0,3000.39,6.53,62.05,3394.0,1.83,2026-06-22 20:32
2026-06-22,JP,7267.T,1413.5,1358.3,4.73,58.84,1450.0,2.58,2026-06-22 20:32
2026-06-22,JP,3092.T,1125.5,1057.67,7.99,65.68,1156.0,2.71,2026-06-22 20:32
2026-06-22,JP,7269.T,1911.0,1852.11,3.78,66.56,1963.5,2.75,2026-06-22 20:32
2026-06-22,JP,8604.T,1436.5,1316.77,7.77,72.66,1478.0,2.89,2026-06-22 20:32
2026-06-22,JP,8411.T,8043.0,7147.2,7.82,63.63,8304.0,3.25,2026-06-22 20:32
2026-06-22,JP,8410.T,277.9,273.15,4.69,74.08,287.7,3.53,2026-06-22 20:32
2026-06-22,JP,7261.T,1100.5,1083.82,7.33,60.51,1178.5,7.09,2026-06-22 20:32
2026-06-23,JP,8766.T,7400.0,7244.6,4.61,38.97,7448.0,0.65,2026-06-23 10:45
2026-06-23,JP,8750.T,1834.5,1593.95,4.11,36.38,1860.0,1.39,2026-06-23 10:45
2026-06-23,JP,7272.T,1239.5,1196.69,3.62,36.42,1259.0,1.57,2026-06-23 10:45
2026-06-23,JP,6503.T,6237.0,6072.56,9.59,35.07,6345.0,1.73,2026-06-23 10:45
2026-06-23,JP,7267.T,1404.5,1360.72,3.72,24.0,1436.0,2.24,2026-06-23 10:45
2026-06-23,JP,6902.T,1895.0,1894.14,3.28,28.62,1939.0,2.32,2026-06-23 10:45
2026-06-23,JP,8306.T,3309.0,3008.87,4.79,36.75,3394.0,2.57,2026-06-23 10:45
2026-06-23,JP,7269.T,1910.5,1853.26,3.48,28.25,1963.5,2.77,2026-06-23 10:45
2026-06-23,JP,8316.T,6548.0,5898.02,4.39,38.53,6733.0,2.83,2026-06-23 10:45
2026-06-23,JP,9433.T,2659.0,2653.27,4.75,37.87,2735.0,2.86,2026-06-23 10:45
2026-06-23,JP,8308.T,2200.5,2032.1,5.58,42.21,2270.0,3.16,2026-06-23 10:45
2026-06-23,JP,6752.T,4372.0,3465.88,8.62,40.74,4510.0,3.16,2026-06-23 10:45
2026-06-23,JP,8604.T,1420.0,1318.48,5.76,32.94,1478.0,4.08,2026-06-23 10:45
2026-06-23,JP,6971.T,3659.0,3124.09,5.94,44.51,3817.0,4.32,2026-06-23 10:45
2026-06-23,JP,8411.T,7940.0,7167.08,6.35,38.85,8304.0,4.58,2026-06-23 10:45
2026-06-23,JP,6594.T,2773.0,2589.12,8.72,34.11,2919.0,5.27,2026-06-23 10:45
2026-06-23,JP,4063.T,7344.0,7142.6,8.36,42.05,7736.0,5.34,2026-06-23 10:45
2026-06-24,JP,8750.T,1834.5,1587.93,4.92,69.93,1843.0,0.46,2026-06-24 01:04
2026-06-24,JP,6503.T,6183.0,6060.2,8.0,58.03,6253.0,1.13,2026-06-24 01:04
2026-06-24,JP,8766.T,7298.0,7244.0,4.23,54.53,7421.0,1.69,2026-06-24 01:04
2026-06-24,JP,8308.T,2230.0,2026.54,7.66,74.14,2270.0,1.79,2026-06-24 01:04
2026-06-24,JP,8306.T,3333.0,3000.39,6.53,62.05,3394.0,1.83,2026-06-24 01:04
2026-06-24,JP,7267.T,1413.5,1358.3,4.73,58.84,1450.0,2.58,2026-06-24 01:04
2026-06-24,JP,7269.T,1911.0,1852.11,3.78,66.56,1963.5,2.75,2026-06-24 01:04
2026-06-24,JP,8604.T,1436.5,1316.77,7.77,72.66,1478.0,2.89,2026-06-24 01:04
2026-06-24,JP,8411.T,8043.0,7147.2,7.82,63.63,8304.0,3.25,2026-06-24 01:04
2026-06-24,JP,7261.T,1100.5,1083.82,7.33,60.51,1178.5,7.09,2026-06-24 01:04
2026-06-25,JP,8113.T,935.3,934.45,3.2,40.94,940.3,0.53,2026-06-25 13:31
2026-06-25,JP,4661.T,2392.5,2309.06,5.73,50.07,2408.0,0.65,2026-06-25 13:20
2026-06-25,JP,7267.T,1407.5,1365.65,2.78,33.41,1425.5,1.28,2026-06-25 13:20
2026-06-25,JP,2181.T,240.9,239.54,4.54,45.63,244.0,1.29,2026-06-25 13:20
2026-06-25,JP,7269.T,1915.5,1855.33,4.07,59.37,1945.0,1.54,2026-06-25 13:20
2026-06-25,JP,8604.T,1417.0,1322.2,3.37,45.77,1443.0,1.83,2026-06-25 13:20
2026-06-25,JP,3407.T,1797.0,1685.22,4.94,55.06,1837.0,2.23,2026-06-25 13:20
2026-06-25,JP,9433.T,2658.0,2654.31,4.23,40.43,2721.5,2.39,2026-06-25 13:20
2026-06-25,JP,8306.T,3246.0,3023.36,5.31,41.88,3371.0,3.85,2026-06-25 13:20
2026-06-25,JP,6503.T,6107.0,6082.64,7.87,49.28,6345.0,3.9,2026-06-25 13:20
2026-06-25,JP,7261.T,1088.5,1084.83,7.24,47.9,1133.5,4.13,2026-06-25 13:20
2026-06-25,JP,4063.T,7185.0,7166.2,8.24,40.16,7528.0,4.77,2026-06-25 13:24
2026-06-25,JP,6594.T,2695.0,2607.5,5.66,51.19,2837.0,5.27,2026-06-25 13:20
2026-06-25,JP,8316.T,6365.0,5928.88,6.19,47.53,6711.0,5.44,2026-06-25 13:20
2026-06-25,JP,8411.T,7739.0,7203.58,8.14,39.86,8259.0,6.72,2026-06-25 13:20
2026-06-25,JP,8308.T,2116.0,2040.5,8.2,53.96,2270.0,7.28,2026-06-25 13:20
2026-06-25,JP,7182.T,3066.0,2949.93,8.25,57.85,3293.0,7.4,2026-06-25 13:20
